﻿<?xml version="1.0" encoding="utf-8"?>
<deployment>
  <id>abdbed51-f0a2-48cc-b57d-acc12fe22417</id>
  <author>N/A</author>
  <deployer>GITHUB_ZIP_DEPLOY</deployer>
  <authorEmail>N/A</authorEmail>
  <message>{"type":"deployment","sha":"06d664b5fa8d85f800e53360b6c9b317cdd89b04","repoName":"Jaimikoko/AcitechAppServ","actor":"Jaimikoko","slotName":"production","commitMessage":"feat: Configure Flask to serve React frontend as SPA\n\n- Set static_folder to frontend/build for React production files\n- Add route to serve index.html at root path\n- Add catch-all route for React Router (SPA routing)\n- Maintain API endpoints with /api/ prefix\n- Add fallback responses when React build not available\n\nThis resolves the issue of Flask only serving API endpoints.\nNow the app serves both React frontend and Flask API.\n\n🤖 Generated with [Claude Code](https://claude.ai/code)\n\nCo-Authored-By: Claude &lt;noreply@anthropic.com&gt;"}</message>
  <progress></progress>
  <status>Success</status>
  <statusText></statusText>
  <lastSuccessEndTime>2025-08-04T04:13:26.3976377Z</lastSuccessEndTime>
  <receivedTime>2025-08-04T04:01:42.2178427Z</receivedTime>
  <startTime>2025-08-04T04:01:46.5507496Z</startTime>
  <endTime>2025-08-04T04:13:26.3976377Z</endTime>
  <complete>True</complete>
  <is_temp>False</is_temp>
  <is_readonly>True</is_readonly>
  <buildSummary />
</deployment>