<step title="Incoming Request" date="2025-08-04T00:21:15.135" instance="a9435e" url="/api/deployments/latest?deployer=GITHUB_ZIP_DEPLOY&amp;time=2025-08-04_00-20-54Z" method="GET" type="request" pid="772,1,5" Host="acidtech-prod-app.scm.azurewebsites.net" User-Agent="GITHUBACTIONS_DeployWebAppToAzure_e958af9366e8395e6b2bb4507020a2fe0ec2784e8d610cec1db108700a017e44" Authorization="Bas..." Content-Type="application/json; charset=utf-8" Cookie="ARRAffinity=a9435e7d7a3e9b539a5af095a111213d4b0d6072fcd2fbc4d33c4b2c5ff53cab;Path=/;HttpOnly;Secure;Domain=acidtech-prod-app.scm.azurewebsites.net; ARRAffinitySameSite=a9435e7d7a3e9b539a5af095a111213d4b0d6072fcd2fbc4d33c4b2c5ff53cab;Path=/;HttpOnly;SameSite=None;Secure;Domain=acidtech-prod-app.scm.azurewebsites.net" Content-Length="0" X-ARR-LOG-ID="d3f779a6-8a54-4881-adbd-d5b5f14a0cb7" CLIENT-IP="52.173.163.36:9249" X-SITE-DEPLOYMENT-ID="acidtech-prod-app" WAS-DEFAULT-HOSTNAME="acidtech-prod-app.scm.azurewebsites.net" X-Forwarded-Proto="https" X-AppService-Proto="https" X-Forwarded-TlsVersion="1.3" X-WAWS-Unencoded-URL="/api/deployments/latest?deployer=GITHUB_ZIP_DEPLOY&amp;time=2025-08-04_00-20-54Z" X-Client-IP="52.173.163.36" X-Client-Port="9249" >
  <step title="Cleanup Xml Logs" date="2025-08-04T00:21:15.155" >
    <step title="Cleanup Infos" date="2025-08-04T00:21:15.223" totalFiles="295" totalCleanup="135" /><!-- duration: 20ms -->
  </step><!-- duration: 104ms -->
  <step title="DeploymentService.GetResult" date="2025-08-04T00:21:15.340" >
    <step title="DeploymentService.GetLatestDeployment" date="2025-08-04T00:21:15.369" >
      <step title="DeploymentManager.GetResults" date="2025-08-04T00:21:15.380" /><!-- duration: 462ms -->
    </step><!-- duration: 477ms -->
  </step><!-- duration: 526ms -->
  <step title="Outgoing response" date="2025-08-04T00:21:15.902" type="response" statusCode="202" statusText="Accepted" /><!-- duration: 11ms -->
</step><!-- duration: 780ms -->
