<step title="Incoming Request" date="2025-08-04T01:12:03.992" instance="a9435e" url="/api/deployments/latest?deployer=GITHUB_ZIP_DEPLOY&amp;time=2025-08-04_01-11-57Z" method="GET" type="request" pid="774,1,26" Host="acidtech-prod-app.scm.azurewebsites.net" User-Agent="GITHUBACTIONS_DeployWebAppToAzure_e958af9366e8395e6b2bb4507020a2fe0ec2784e8d610cec1db108700a017e44" Authorization="Bas..." Content-Type="application/json; charset=utf-8" Cookie="ARRAffinity=a9435e7d7a3e9b539a5af095a111213d4b0d6072fcd2fbc4d33c4b2c5ff53cab;Path=/;HttpOnly;Secure;Domain=acidtech-prod-app.scm.azurewebsites.net; ARRAffinitySameSite=a9435e7d7a3e9b539a5af095a111213d4b0d6072fcd2fbc4d33c4b2c5ff53cab;Path=/;HttpOnly;SameSite=None;Secure;Domain=acidtech-prod-app.scm.azurewebsites.net" Content-Length="0" X-ARR-LOG-ID="b047aac2-25ca-4b59-89ac-c2be49d6dcc6" CLIENT-IP="64.236.177.3:40960" X-SITE-DEPLOYMENT-ID="acidtech-prod-app" WAS-DEFAULT-HOSTNAME="acidtech-prod-app.scm.azurewebsites.net" X-Forwarded-Proto="https" X-AppService-Proto="https" X-Forwarded-TlsVersion="1.3" X-WAWS-Unencoded-URL="/api/deployments/latest?deployer=GITHUB_ZIP_DEPLOY&amp;time=2025-08-04_01-11-57Z" X-Client-IP="64.236.177.3" X-Client-Port="40960" >
  <step title="Cleanup Xml Logs" date="2025-08-04T01:12:04.025" >
    <step title="Cleanup Infos" date="2025-08-04T01:12:04.405" totalFiles="429" totalCleanup="269" /><!-- duration: 41ms -->
  </step><!-- duration: 452ms -->
  <step title="DeploymentService.GetResult" date="2025-08-04T01:12:04.572" >
    <step title="DeploymentService.GetLatestDeployment" date="2025-08-04T01:12:04.602" >
      <step title="DeploymentManager.GetResults" date="2025-08-04T01:12:04.623" /><!-- duration: 945ms -->
    </step><!-- duration: 1031ms -->
  </step><!-- duration: 1072ms -->
  <step title="Outgoing response" date="2025-08-04T01:12:05.728" type="response" statusCode="202" statusText="Accepted" /><!-- duration: 11ms -->
</step><!-- duration: 1883ms -->
