<step title="Incoming Request" date="2025-08-04T00:27:39.756" instance="a9435e" url="/api/deployments/latest?deployer=GITHUB_ZIP_DEPLOY&amp;time=2025-08-04_00-26-30Z" method="GET" type="request" pid="774,1,17" Host="acidtech-prod-app.scm.azurewebsites.net" User-Agent="GITHUBACTIONS_DeployWebAppToAzure_e958af9366e8395e6b2bb4507020a2fe0ec2784e8d610cec1db108700a017e44" Authorization="Bas..." Content-Type="application/json; charset=utf-8" Cookie="ARRAffinity=a9435e7d7a3e9b539a5af095a111213d4b0d6072fcd2fbc4d33c4b2c5ff53cab;Path=/;HttpOnly;Secure;Domain=acidtech-prod-app.scm.azurewebsites.net; ARRAffinitySameSite=a9435e7d7a3e9b539a5af095a111213d4b0d6072fcd2fbc4d33c4b2c5ff53cab;Path=/;HttpOnly;SameSite=None;Secure;Domain=acidtech-prod-app.scm.azurewebsites.net" Content-Length="0" X-ARR-LOG-ID="460ed904-6745-46fc-bd20-f112b96b060b" CLIENT-IP="64.236.153.83:51201" X-SITE-DEPLOYMENT-ID="acidtech-prod-app" WAS-DEFAULT-HOSTNAME="acidtech-prod-app.scm.azurewebsites.net" X-Forwarded-Proto="https" X-AppService-Proto="https" X-Forwarded-TlsVersion="1.3" X-WAWS-Unencoded-URL="/api/deployments/latest?deployer=GITHUB_ZIP_DEPLOY&amp;time=2025-08-04_00-26-30Z" X-Client-IP="64.236.153.83" X-Client-Port="51201" >
  <step title="Cleanup Xml Logs" date="2025-08-04T00:27:39.915" >
    <step title="Cleanup Infos" date="2025-08-04T00:27:40.635" totalFiles="320" totalCleanup="160" /><!-- duration: 320ms -->
  </step><!-- duration: 1393ms -->
  <step title="DeploymentService.GetResult" date="2025-08-04T00:27:41.615" >
    <step title="DeploymentService.GetLatestDeployment" date="2025-08-04T00:27:41.704" >
      <step title="DeploymentManager.GetResults" date="2025-08-04T00:27:41.743" /><!-- duration: 1788ms -->
    </step><!-- duration: 1894ms -->
  </step><!-- duration: 2006ms -->
  <step title="Outgoing response" date="2025-08-04T00:27:43.656" type="response" statusCode="202" statusText="Accepted" /><!-- duration: 49ms -->
</step><!-- duration: 4010ms -->
