<step title="Incoming Request" date="2025-08-04T00:29:35.363" instance="a9435e" url="/api/deployments/latest?deployer=GITHUB_ZIP_DEPLOY&amp;time=2025-08-04_00-26-30Z" method="GET" type="request" pid="774,1,17" Host="acidtech-prod-app.scm.azurewebsites.net" User-Agent="GITHUBACTIONS_DeployWebAppToAzure_e958af9366e8395e6b2bb4507020a2fe0ec2784e8d610cec1db108700a017e44" Authorization="Bas..." Content-Type="application/json; charset=utf-8" Cookie="ARRAffinity=a9435e7d7a3e9b539a5af095a111213d4b0d6072fcd2fbc4d33c4b2c5ff53cab;Path=/;HttpOnly;Secure;Domain=acidtech-prod-app.scm.azurewebsites.net; ARRAffinitySameSite=a9435e7d7a3e9b539a5af095a111213d4b0d6072fcd2fbc4d33c4b2c5ff53cab;Path=/;HttpOnly;SameSite=None;Secure;Domain=acidtech-prod-app.scm.azurewebsites.net" Content-Length="0" X-ARR-LOG-ID="2c6534c2-6473-43b3-abaf-8d9ce692cddf" CLIENT-IP="64.236.153.83:51200" X-SITE-DEPLOYMENT-ID="acidtech-prod-app" WAS-DEFAULT-HOSTNAME="acidtech-prod-app.scm.azurewebsites.net" X-Forwarded-Proto="https" X-AppService-Proto="https" X-Forwarded-TlsVersion="1.3" X-WAWS-Unencoded-URL="/api/deployments/latest?deployer=GITHUB_ZIP_DEPLOY&amp;time=2025-08-04_00-26-30Z" X-Client-IP="64.236.153.83" X-Client-Port="51200" >
  <step title="Cleanup Xml Logs" date="2025-08-04T00:29:35.422" >
    <step title="Cleanup Infos" date="2025-08-04T00:29:35.611" totalFiles="333" totalCleanup="173" /><!-- duration: 89ms -->
  </step><!-- duration: 300ms -->
  <step title="DeploymentService.GetResult" date="2025-08-04T00:29:35.778" >
    <step title="DeploymentService.GetLatestDeployment" date="2025-08-04T00:29:35.782" >
      <step title="DeploymentManager.GetResults" date="2025-08-04T00:29:35.819" /><!-- duration: 1515ms -->
    </step><!-- duration: 1716ms -->
  </step><!-- duration: 1766ms -->
  <step title="Outgoing response" date="2025-08-04T00:29:37.615" type="response" statusCode="202" statusText="Accepted" /><!-- duration: 17ms -->
</step><!-- duration: 2292ms -->
