<step title="Incoming Request" date="2025-08-04T00:41:42.216" instance="a9435e" url="/api/zipdeploy?isAsync=true&amp;deployer=GITHUB_ZIP_DEPLOY&amp;message=%7B%22type%22%3A%22deployment%22%2C%22sha%22%3A%220dfdd3c343826f6eb21bdc67769f86c107aeb324%22%2C%22repoName%22%3A%22Jaimikoko%2FAcitechAppServ%22%2C%22actor%22%3A%22Jaimikoko%22%2C%22slotName%22%3A%22production%22%2C%22commitMessage%22%3A%22feat%3A%20Complete%20Flask%20project%20structure%20with%20full%20MVC%20architecture%5Cn%5CnFLASK%20STRUCTURE%20COMPLETED%20(100%25)%3A%5Cn%5Cn%F0%9F%8F%97%EF%B8%8F%20Core%20Architecture%3A%5Cn-%20Flask%20factory%20pattern%20with%20environment-based%20configuration%5Cn-%20Comprehensive%20config.py%20with%20dev%2Fprod%2Ftest%20environments%5Cn-%20Updated%20.env%20with%20development%20settings%5Cn-%20Enhanced%20requirements.txt%20with%20all%20necessary%20dependencies%5Cn%5Cn%F0%9F%93%8A%20Data%20Models%20(MVC)%3A%5Cn-%20BaseModel%3A%20Common%20functionality%20for%20all%20models%5Cn-%20User%3A%20Azure%20AD%20B2C%20integration%20with%20roles%20and%20preferences%5Cn-%20Transaction%3A%20Financial%20transactions%20with%20validation%20and%20categorization%5Cn-%20PurchaseOrder%3A%20Full%20procurement%20workflow%20with%20approval%20system%5Cn-%20SystemLog%3A%20Comprehensive%20audit%20trail%20and%20monitoring%5Cn%5Cn%F0%9F%9B%A3%EF%B8%8F%20API%20Routes%20(Blueprints)%3A%5Cn-%20Enhanced%20with%20proper%20error%20handling%20and%20validation%5Cn-%20Maintained%20existing%20auth%2C%20transactions%2C%20purchase-orders%2C%20system-logs%20endpoints%5Cn-%20Ready%20for%20middleware%20integration%5Cn%5Cn%E2%9A%99%EF%B8%8F%20Business%20Services%3A%5Cn-%20AuthService%3A%20Azure%20AD%20B2C%20token%20validation%20and%20user%20management%5Cn-%20DatabaseService%3A%20Azure%20SQL%2FSQLite%20integrati%22%7D" method="POST" type="request" pid="774,1,34" Host="acidtech-prod-app.scm.azurewebsites.net" User-Agent="GITHUBACTIONS_DeployWebAppToAzure_e958af9366e8395e6b2bb4507020a2fe0ec2784e8d610cec1db108700a017e44" Authorization="Bas..." Content-Type="application/octet-stream" Cookie="ARRAffinity=a9435e7d7a3e9b539a5af095a111213d4b0d6072fcd2fbc4d33c4b2c5ff53cab;Path=/;HttpOnly;Secure;Domain=acidtech-prod-app.scm.azurewebsites.net; ARRAffinitySameSite=a9435e7d7a3e9b539a5af095a111213d4b0d6072fcd2fbc4d33c4b2c5ff53cab;Path=/;HttpOnly;SameSite=None;Secure;Domain=acidtech-prod-app.scm.azurewebsites.net" Transfer-Encoding="chunked" X-ARR-LOG-ID="eb75c9fc-3bef-496e-9ab1-6c0db8da0f43" CLIENT-IP="52.159.228.211:22529" X-SITE-DEPLOYMENT-ID="acidtech-prod-app" WAS-DEFAULT-HOSTNAME="acidtech-prod-app.scm.azurewebsites.net" X-Forwarded-Proto="https" X-AppService-Proto="https" X-Forwarded-TlsVersion="1.3" X-WAWS-Unencoded-URL="/api/zipdeploy?isAsync=true&amp;deployer=GITHUB_ZIP_DEPLOY&amp;message=%7B%22type%22%3A%22deployment%22%2C%22sha%22%3A%220dfdd3c343826f6eb21bdc67769f86c107aeb324%22%2C%22repoName%22%3A%22Jaimikoko%2FAcitechAppServ%22%2C%22actor%22%3A%22Jaimikoko%22%2C%22slotName%22%3A%22production%22%2C%22commitMessage%22%3A%22feat%3A%20Complete%20Flask%20project%20structure%20with%20full%20MVC%20architecture%5Cn%5CnFLASK%20STRUCTURE%20COMPLETED%20(100%25)%3A%5Cn%5Cn%F0%9F%8F%97%EF%B8%8F%20Core%20Architecture%3A%5Cn-%20Flask%20factory%20pattern%20with%20environment-based%20configuration%5Cn-%20Comprehensive%20config.py%20with%20dev%2Fprod%2Ftest%20environments%5Cn-%20Updated%20.env%20with%20development%20settings%5Cn-%20Enhanced%20requirements.txt%20with%20all%20necessary%20dependencies%5Cn%5Cn%F0%9F%93%8A%20Data%20Models%20(MVC)%3A%5Cn-%20BaseModel%3A%20Common%20functionality%20for%20all%20models%5Cn-%20User%3A%20Azure%20AD%20B2C%20integration%20with%20roles%20and%20preferences%5Cn-%20Transaction%3A%20Financial%20transactions%20with%20validation%20and%20categorization%5Cn-%20PurchaseOrder%3A%20Full%20procurement%20workflow%20with%20approval%20system%5Cn-%20SystemLog%3A%20Comprehensive%20audit%20trail%20and%20monitoring%5Cn%5Cn%F0%9F%9B%A3%EF%B8%8F%20API%20Routes%20(Blueprints)%3A%5Cn-%20Enhanced%20with%20proper%20error%20handling%20and%20validation%5Cn-%20Maintained%20existing%20auth%2C%20transactions%2C%20purchase-orders%2C%20system-logs%20endpoints%5Cn-%20Ready%20for%20middleware%20integration%5Cn%5Cn%E2%9A%99%EF%B8%8F%20Business%20Services%3A%5Cn-%20AuthService%3A%20Azure%20AD%20B2C%20token%20validation%20and%20user%20management%5Cn-%20DatabaseService%3A%20Azure%20SQL%2FSQLite%20integrati%22%7D" X-Client-IP="52.159.228.211" X-Client-Port="22529" >
  <step title="Cleanup Xml Logs" date="2025-08-04T00:41:42.227" >
    <step title="Cleanup Infos" date="2025-08-04T00:41:42.267" totalFiles="343" totalCleanup="183" /><!-- duration: 10ms -->
  </step><!-- duration: 59ms -->
  <step title="ZipPushDeploy" date="2025-08-04T00:41:42.393" >
    <step title="ZipDeploy. Extract zip." date="2025-08-04T00:41:42.432" /><!-- duration: 2ms -->
    <step title="Starting PushDeployAsync" date="2025-08-04T00:41:42.455" /><!-- duration: 7ms -->
    <step title="Writing artifact to /tmp/zipdeploy/2deff0db-404e-4a0d-bf22-aede5cdaecad.zip" date="2025-08-04T00:41:42.483" >
      <step title="Writing multipart request body to /tmp/zipdeploy/2deff0db-404e-4a0d-bf22-aede5cdaecad.zip" date="2025-08-04T00:41:42.530" /><!-- duration: 3ms -->
    </step><!-- duration: 5798ms -->
    <step title="Start deployment in the background" date="2025-08-04T00:41:48.331" >
      <step title="Acquiring Deployment Lock" date="2025-08-04T00:41:48.511" /><!-- duration: 9ms -->
      <step title="Acquired Deployment Lock" date="2025-08-04T00:41:48.593" /><!-- duration: 4ms -->
    </step><!-- duration: 433ms -->
  </step><!-- duration: 6401ms -->
  <step title="Outgoing response" date="2025-08-04T00:41:48.805" type="response" statusCode="202" statusText="Accepted" /><!-- duration: 8ms -->
</step><!-- duration: 6600ms -->
