<step title="Incoming Request" date="2025-08-03T23:03:30.553" instance="a9435e" url="/api/zipdeploy?isAsync=true&amp;deployer=GITHUB_ZIP_DEPLOY&amp;message=%7B%22type%22%3A%22deployment%22%2C%22sha%22%3A%223acd81fb54b69a2d94533c67c44c7fd2edf4b20e%22%2C%22repoName%22%3A%22Jaimikoko%2FAcitechAppServ%22%2C%22actor%22%3A%22Jaimikoko%22%2C%22slotName%22%3A%22production%22%2C%22commitMessage%22%3A%22fix%3A%20Remove%20Function%20App%20deployment%20from%20GitHub%20Actions%20workflow%5Cn%5Cn%F0%9F%94%A7%20Simplified%20workflow%20to%20deploy%20only%20Flask%20API%5Cn%E2%9C%85%20Removed%20Function%20App%20deployment%20step%20causing%20401%20error%5Cn%E2%9C%85%20Clean%20Flask-only%20deployment%20pipeline%5Cn%E2%9C%85%20Updated%20success%20notifications%20for%20Flask%20endpoints%5Cn%5Cn%F0%9F%A4%96%20Generated%20with%20%5BClaude%20Code%5D(https%3A%2F%2Fclaude.ai%2Fcode)%5Cn%5CnCo-Authored-By%3A%20Claude%20%3Cnoreply%40anthropic.com%3E%22%7D" method="POST" type="request" pid="772,1,23" Host="acidtech-prod-app.scm.azurewebsites.net" User-Agent="GITHUBACTIONS_DeployWebAppToAzure_e958af9366e8395e6b2bb4507020a2fe0ec2784e8d610cec1db108700a017e44" Authorization="Bas..." Content-Type="application/octet-stream" Cookie="ARRAffinity=a9435e7d7a3e9b539a5af095a111213d4b0d6072fcd2fbc4d33c4b2c5ff53cab;Path=/;HttpOnly;Secure;Domain=acidtech-prod-app.scm.azurewebsites.net; ARRAffinitySameSite=a9435e7d7a3e9b539a5af095a111213d4b0d6072fcd2fbc4d33c4b2c5ff53cab;Path=/;HttpOnly;SameSite=None;Secure;Domain=acidtech-prod-app.scm.azurewebsites.net" Transfer-Encoding="chunked" X-ARR-LOG-ID="81a1ea71-dde8-4a12-a347-06c7e7f03743" CLIENT-IP="172.214.45.192:60416" X-SITE-DEPLOYMENT-ID="acidtech-prod-app" WAS-DEFAULT-HOSTNAME="acidtech-prod-app.scm.azurewebsites.net" X-Forwarded-Proto="https" X-AppService-Proto="https" X-Forwarded-TlsVersion="1.3" X-WAWS-Unencoded-URL="/api/zipdeploy?isAsync=true&amp;deployer=GITHUB_ZIP_DEPLOY&amp;message=%7B%22type%22%3A%22deployment%22%2C%22sha%22%3A%223acd81fb54b69a2d94533c67c44c7fd2edf4b20e%22%2C%22repoName%22%3A%22Jaimikoko%2FAcitechAppServ%22%2C%22actor%22%3A%22Jaimikoko%22%2C%22slotName%22%3A%22production%22%2C%22commitMessage%22%3A%22fix%3A%20Remove%20Function%20App%20deployment%20from%20GitHub%20Actions%20workflow%5Cn%5Cn%F0%9F%94%A7%20Simplified%20workflow%20to%20deploy%20only%20Flask%20API%5Cn%E2%9C%85%20Removed%20Function%20App%20deployment%20step%20causing%20401%20error%5Cn%E2%9C%85%20Clean%20Flask-only%20deployment%20pipeline%5Cn%E2%9C%85%20Updated%20success%20notifications%20for%20Flask%20endpoints%5Cn%5Cn%F0%9F%A4%96%20Generated%20with%20%5BClaude%20Code%5D(https%3A%2F%2Fclaude.ai%2Fcode)%5Cn%5CnCo-Authored-By%3A%20Claude%20%3Cnoreply%40anthropic.com%3E%22%7D" X-Client-IP="172.214.45.192" X-Client-Port="60416" >
  <step title="ZipPushDeploy" date="2025-08-03T23:03:30.665" >
    <step title="ZipDeploy. Extract zip. Remote build." date="2025-08-03T23:03:30.733" /><!-- duration: 39ms -->
    <step title="None repository commit" date="2025-08-03T23:03:30.776" >
      <step title="Commit id: 57ed649e-1126-4ffe-b05d-2c7757cf921c" date="2025-08-03T23:03:30.853" Message="N/A" AuthorName="N/A" AuthorEmail="N/A" /><!-- duration: 9ms -->
    </step><!-- duration: 98ms -->
    <step title="Starting PushDeployAsync" date="2025-08-03T23:03:30.902" /><!-- duration: 11ms -->
    <step title="Writing artifact to /tmp/zipdeploy/d750c2b4-1b17-4523-af54-451d6a8966c7.zip" date="2025-08-03T23:03:31.024" >
      <step title="Writing multipart request body to /tmp/zipdeploy/d750c2b4-1b17-4523-af54-451d6a8966c7.zip" date="2025-08-03T23:03:31.061" /><!-- duration: 3ms -->
    </step><!-- duration: 2137ms -->
    <step title="None repository commit" date="2025-08-03T23:03:33.198" >
      <step title="Commit id: 57ed649e-1126-4ffe-b05d-2c7757cf921c" date="2025-08-03T23:03:33.210" Message="N/A" AuthorName="N/A" AuthorEmail="N/A" /><!-- duration: 8ms -->
    </step><!-- duration: 23ms -->
    <step title="Start deployment in the background" date="2025-08-03T23:03:33.230" >
      <step title="None repository commit" date="2025-08-03T23:03:33.331" >
        <step title="Commit id: 57ed649e-1126-4ffe-b05d-2c7757cf921c" date="2025-08-03T23:03:33.339" Message="N/A" AuthorName="N/A" AuthorEmail="N/A" /><!-- duration: 9ms -->
      </step><!-- duration: 26ms -->
      <step title="Acquiring Deployment Lock" date="2025-08-03T23:03:33.376" /><!-- duration: 3ms -->
      <step title="Cannot Acquire Deployment Lock already held" date="2025-08-03T23:03:33.398" /><!-- duration: 8ms -->
    </step><!-- duration: 305ms -->
    <step title="There is a deployment currently in progress. Please try again when it completes." date="2025-08-03T23:03:33.553" /><!-- duration: 40ms -->
  </step><!-- duration: 2956ms -->
  <step title="Outgoing response" date="2025-08-03T23:03:33.644" type="response" statusCode="409" statusText="Conflict" /><!-- duration: 36ms -->
</step><!-- duration: 3160ms -->
