<step title="Incoming Request" date="2025-08-04T01:11:41.722" instance="a9435e" url="/api/zipdeploy?isAsync=true&amp;deployer=GITHUB_ZIP_DEPLOY&amp;message=%7B%22type%22%3A%22deployment%22%2C%22sha%22%3A%2261d812d230b0cb8533a8b192b409f70a6d7fff7d%22%2C%22repoName%22%3A%22Jaimikoko%2FAcitechAppServ%22%2C%22actor%22%3A%22Jaimikoko%22%2C%22slotName%22%3A%22production%22%2C%22commitMessage%22%3A%22update%3A%20Enable%20pytest%20in%20GitHub%20Actions%20workflow%22%7D" method="POST" type="request" pid="774,1,24" Host="acidtech-prod-app.scm.azurewebsites.net" User-Agent="GITHUBACTIONS_DeployWebAppToAzure_e958af9366e8395e6b2bb4507020a2fe0ec2784e8d610cec1db108700a017e44" Authorization="Bas..." Content-Type="application/octet-stream" Cookie="ARRAffinity=a9435e7d7a3e9b539a5af095a111213d4b0d6072fcd2fbc4d33c4b2c5ff53cab;Path=/;HttpOnly;Secure;Domain=acidtech-prod-app.scm.azurewebsites.net; ARRAffinitySameSite=a9435e7d7a3e9b539a5af095a111213d4b0d6072fcd2fbc4d33c4b2c5ff53cab;Path=/;HttpOnly;SameSite=None;Secure;Domain=acidtech-prod-app.scm.azurewebsites.net" Transfer-Encoding="chunked" X-ARR-LOG-ID="c7230dfb-0ee1-4990-9d2a-ffd1298975b6" CLIENT-IP="64.236.177.3:40961" X-SITE-DEPLOYMENT-ID="acidtech-prod-app" WAS-DEFAULT-HOSTNAME="acidtech-prod-app.scm.azurewebsites.net" X-Forwarded-Proto="https" X-AppService-Proto="https" X-Forwarded-TlsVersion="1.3" X-WAWS-Unencoded-URL="/api/zipdeploy?isAsync=true&amp;deployer=GITHUB_ZIP_DEPLOY&amp;message=%7B%22type%22%3A%22deployment%22%2C%22sha%22%3A%2261d812d230b0cb8533a8b192b409f70a6d7fff7d%22%2C%22repoName%22%3A%22Jaimikoko%2FAcitechAppServ%22%2C%22actor%22%3A%22Jaimikoko%22%2C%22slotName%22%3A%22production%22%2C%22commitMessage%22%3A%22update%3A%20Enable%20pytest%20in%20GitHub%20Actions%20workflow%22%7D" X-Client-IP="64.236.177.3" X-Client-Port="40961" >
  <step title="Cleanup Xml Logs" date="2025-08-04T01:11:41.733" >
    <step title="Cleanup Infos" date="2025-08-04T01:11:42.077" totalFiles="426" totalCleanup="266" /><!-- duration: 10ms -->
  </step><!-- duration: 356ms -->
  <step title="ZipPushDeploy" date="2025-08-04T01:11:42.828" >
    <step title="ZipDeploy. Extract zip." date="2025-08-04T01:11:42.970" /><!-- duration: 28ms -->
    <step title="Starting PushDeployAsync" date="2025-08-04T01:11:43.036" /><!-- duration: 12ms -->
    <step title="Writing artifact to /tmp/zipdeploy/81af49c5-f9ed-45d9-ac62-357810f9a119.zip" date="2025-08-04T01:11:43.128" >
      <step title="Writing multipart request body to /tmp/zipdeploy/81af49c5-f9ed-45d9-ac62-357810f9a119.zip" date="2025-08-04T01:11:43.222" /><!-- duration: 4ms -->
    </step><!-- duration: 13727ms -->
    <step title="Start deployment in the background" date="2025-08-04T01:11:56.896" >
      <step title="Acquiring Deployment Lock" date="2025-08-04T01:11:57.041" /><!-- duration: 19ms -->
      <step title="Acquired Deployment Lock" date="2025-08-04T01:11:57.157" /><!-- duration: 3ms -->
    </step><!-- duration: 516ms -->
  </step><!-- duration: 14639ms -->
  <step title="Outgoing response" date="2025-08-04T01:11:57.478" type="response" statusCode="202" statusText="Accepted" /><!-- duration: 17ms -->
</step><!-- duration: 15777ms -->
