<step title="BackgroundTrace" date="2025-08-03T22:59:26.223" instance="a9435e" url="/deploy" method="POST" >
  <step title="Cleanup Xml Logs" date="2025-08-03T22:59:26.245" /><!-- duration: 30ms -->
  <step title="Creating temporary deployment - FetchDeploymentManager" date="2025-08-03T22:59:26.948" /><!-- duration: 8ms -->
  <step title="Creating temporary deployment" date="2025-08-03T22:59:26.960" /><!-- duration: 108ms -->
  <step title="Performing fetch based deployment" date="2025-08-03T22:59:28.369" >
    <step title="Deployment timer started" date="2025-08-03T22:59:38.780" >
      <step title="DeploymentManager.Deploy(id:cd418f495df73915860126925e4ef22706f4d370)" date="2025-08-03T22:59:38.787" >
        <step title="Collecting changeset information" date="2025-08-03T22:59:38.843" /><!-- duration: 100ms -->
        <step title="Updating submodules" date="2025-08-03T22:59:38.963" /><!-- duration: 1210ms -->
        <step title="Determining deployment builder" date="2025-08-03T22:59:40.414" >
          <step title="Builder is OryxBuilder" date="2025-08-03T22:59:40.465" /><!-- duration: 10ms -->
        </step><!-- duration: 80ms -->
        <step title="PreDeployment: context.CleanOutputPath False" date="2025-08-03T22:59:40.574" >
          <step title="PreDeployment: context.OutputPath /home/site/wwwroot" date="2025-08-03T22:59:40.755" >
            <step title="Building" date="2025-08-03T22:59:40.875" >
              <step title="Executing external process" date="2025-08-03T22:59:41.267" type="process" path="bash" arguments="-c &quot;oryx build /home/site/repository -o /home/site/wwwroot --platform python --platform-version 3.11 -p virtualenv_name=antenv --log-file /tmp/build-debug.log  -i /tmp/8ddd2e16d9d412a --compress-destination-dir | tee /tmp/oryx-build.log ; exit $PIPESTATUS &quot;" >
                <step title="Cpu: python3.11(975,8.350s)+python3.11(974,0.290s)+python3.11(971,0.280s)+build.sh(857,0.130s)+oryx(835,9.260s)+tee(836,0.020s)+bash(834,0.010s)=total(18.300s)" date="2025-08-03T23:02:23.076" /><!-- duration: 47ms -->
                <step title="bash: no io activity for 61s, prev-cpu=-1.000s, current-cpu=18.300s" date="2025-08-03T23:02:23.143" /><!-- duration: 22ms -->
                <step title="Cpu: python(1021,12.810s)+ts(1022,0.230s)+build.sh(1020,0.000s)+build.sh(1018,0.000s)+build.sh(857,0.150s)+oryx(835,10.600s)+tee(836,0.020s)+bash(834,0.010s)=total(23.780s)" date="2025-08-03T23:04:21.787" /><!-- duration: 206ms -->
                <step title="bash: no io activity for 60s, prev-cpu=-1.000s, current-cpu=23.780s" date="2025-08-03T23:04:22.071" /><!-- duration: 11ms -->
                <step title="Cpu: python(1021,23.540s)+ts(1022,0.240s)+build.sh(1020,0.000s)+build.sh(1018,0.000s)+build.sh(857,0.150s)+oryx(835,11.620s)+tee(836,0.020s)+bash(834,0.010s)=total(35.560s)" date="2025-08-03T23:05:22.876" /><!-- duration: 21ms -->
                <step title="bash: no io activity for 122s, prev-cpu=23.780s, current-cpu=35.560s" date="2025-08-03T23:05:22.915" /><!-- duration: 3ms -->
              </step><!-- duration: 407398ms -->
              <step title="Using PythonDeploymentLogParser" date="2025-08-03T23:06:29.072" /><!-- duration: 12ms -->
              <step title="Triggering recycle (preview mode disabled)." date="2025-08-03T23:06:30.219" /><!-- duration: 15ms -->
              <step title="Modified file to trigger a restart of the app container." date="2025-08-03T23:06:30.272" /><!-- duration: 3ms -->
              <step title="Skip function trigger and logicapp sync because function is not enabled." date="2025-08-03T23:06:30.304" /><!-- duration: 3ms -->
            </step><!-- duration: 410105ms -->
          </step><!-- duration: 410230ms -->
          <step title="Cleaning up temp files" date="2025-08-03T23:06:30.988" /><!-- duration: 917ms -->
          <step title="Cleaning up temp files" date="2025-08-03T23:06:31.915" /><!-- duration: 518ms -->
          <step title="Reloading status file with latest updates" date="2025-08-03T23:06:32.471" >
            <step title="WebHooksManager.PublishEventAsync: PostDeployment" date="2025-08-03T23:06:32.484" /><!-- duration: 107ms -->
          </step><!-- duration: 123ms -->
          <step title="Cleaning up temporary deployment - fetch deployment was successful" date="2025-08-03T23:06:32.603" /><!-- duration: 5ms -->
        </step><!-- duration: 412069ms -->
      </step><!-- duration: 413872ms -->
