<step title="Incoming Request" date="2025-08-04T00:30:17.041" instance="a9435e" url="/api/deployments/latest?deployer=GITHUB_ZIP_DEPLOY&amp;time=2025-08-04_00-26-30Z" method="GET" type="request" pid="774,1,19" Host="acidtech-prod-app.scm.azurewebsites.net" User-Agent="GITHUBACTIONS_DeployWebAppToAzure_e958af9366e8395e6b2bb4507020a2fe0ec2784e8d610cec1db108700a017e44" Authorization="Bas..." Content-Type="application/json; charset=utf-8" Cookie="ARRAffinity=a9435e7d7a3e9b539a5af095a111213d4b0d6072fcd2fbc4d33c4b2c5ff53cab;Path=/;HttpOnly;Secure;Domain=acidtech-prod-app.scm.azurewebsites.net; ARRAffinitySameSite=a9435e7d7a3e9b539a5af095a111213d4b0d6072fcd2fbc4d33c4b2c5ff53cab;Path=/;HttpOnly;SameSite=None;Secure;Domain=acidtech-prod-app.scm.azurewebsites.net" Content-Length="0" X-ARR-LOG-ID="6e068ea1-c7be-4577-a908-ab3bbea32d26" CLIENT-IP="64.236.153.83:51200" X-SITE-DEPLOYMENT-ID="acidtech-prod-app" WAS-DEFAULT-HOSTNAME="acidtech-prod-app.scm.azurewebsites.net" X-Forwarded-Proto="https" X-AppService-Proto="https" X-Forwarded-TlsVersion="1.3" X-WAWS-Unencoded-URL="/api/deployments/latest?deployer=GITHUB_ZIP_DEPLOY&amp;time=2025-08-04_00-26-30Z" X-Client-IP="64.236.153.83" X-Client-Port="51200" >
  <step title="Cleanup Xml Logs" date="2025-08-04T00:30:17.051" >
    <step title="Cleanup Infos" date="2025-08-04T00:30:17.270" totalFiles="339" totalCleanup="179" /><!-- duration: 69ms -->
  </step><!-- duration: 326ms -->
  <step title="DeploymentService.GetResult" date="2025-08-04T00:30:17.457" >
    <step title="DeploymentService.GetLatestDeployment" date="2025-08-04T00:30:17.475" >
      <step title="DeploymentManager.GetResults" date="2025-08-04T00:30:17.486" /><!-- duration: 799ms -->
    </step><!-- duration: 871ms -->
  </step><!-- duration: 899ms -->
  <step title="Outgoing response" date="2025-08-04T00:30:18.453" type="response" statusCode="202" statusText="Accepted" /><!-- duration: 30ms -->
</step><!-- duration: 1483ms -->
