<step title="Incoming Request" date="2025-08-03T23:03:40.459" instance="a9435e" url="/api/zipdeploy?isAsync=true&amp;deployer=GITHUB_ZIP_DEPLOY&amp;message=%7B%22type%22%3A%22deployment%22%2C%22sha%22%3A%223acd81fb54b69a2d94533c67c44c7fd2edf4b20e%22%2C%22repoName%22%3A%22Jaimikoko%2FAcitechAppServ%22%2C%22actor%22%3A%22Jaimikoko%22%2C%22slotName%22%3A%22production%22%2C%22commitMessage%22%3A%22fix%3A%20Remove%20Function%20App%20deployment%20from%20GitHub%20Actions%20workflow%5Cn%5Cn%F0%9F%94%A7%20Simplified%20workflow%20to%20deploy%20only%20Flask%20API%5Cn%E2%9C%85%20Removed%20Function%20App%20deployment%20step%20causing%20401%20error%5Cn%E2%9C%85%20Clean%20Flask-only%20deployment%20pipeline%5Cn%E2%9C%85%20Updated%20success%20notifications%20for%20Flask%20endpoints%5Cn%5Cn%F0%9F%A4%96%20Generated%20with%20%5BClaude%20Code%5D(https%3A%2F%2Fclaude.ai%2Fcode)%5Cn%5CnCo-Authored-By%3A%20Claude%20%3Cnoreply%40anthropic.com%3E%22%7D" method="POST" type="request" pid="772,1,3" Host="acidtech-prod-app.scm.azurewebsites.net" User-Agent="GITHUBACTIONS_DeployWebAppToAzure_e958af9366e8395e6b2bb4507020a2fe0ec2784e8d610cec1db108700a017e44" Authorization="Bas..." Content-Type="application/octet-stream" Cookie="ARRAffinity=a9435e7d7a3e9b539a5af095a111213d4b0d6072fcd2fbc4d33c4b2c5ff53cab;Path=/;HttpOnly;Secure;Domain=acidtech-prod-app.scm.azurewebsites.net; ARRAffinitySameSite=a9435e7d7a3e9b539a5af095a111213d4b0d6072fcd2fbc4d33c4b2c5ff53cab;Path=/;HttpOnly;SameSite=None;Secure;Domain=acidtech-prod-app.scm.azurewebsites.net" Transfer-Encoding="chunked" X-ARR-LOG-ID="ed83a8a0-8218-4a53-8f9d-8a054cbd0f8f" CLIENT-IP="172.214.45.192:60417" X-SITE-DEPLOYMENT-ID="acidtech-prod-app" WAS-DEFAULT-HOSTNAME="acidtech-prod-app.scm.azurewebsites.net" X-Forwarded-Proto="https" X-AppService-Proto="https" X-Forwarded-TlsVersion="1.3" X-WAWS-Unencoded-URL="/api/zipdeploy?isAsync=true&amp;deployer=GITHUB_ZIP_DEPLOY&amp;message=%7B%22type%22%3A%22deployment%22%2C%22sha%22%3A%223acd81fb54b69a2d94533c67c44c7fd2edf4b20e%22%2C%22repoName%22%3A%22Jaimikoko%2FAcitechAppServ%22%2C%22actor%22%3A%22Jaimikoko%22%2C%22slotName%22%3A%22production%22%2C%22commitMessage%22%3A%22fix%3A%20Remove%20Function%20App%20deployment%20from%20GitHub%20Actions%20workflow%5Cn%5Cn%F0%9F%94%A7%20Simplified%20workflow%20to%20deploy%20only%20Flask%20API%5Cn%E2%9C%85%20Removed%20Function%20App%20deployment%20step%20causing%20401%20error%5Cn%E2%9C%85%20Clean%20Flask-only%20deployment%20pipeline%5Cn%E2%9C%85%20Updated%20success%20notifications%20for%20Flask%20endpoints%5Cn%5Cn%F0%9F%A4%96%20Generated%20with%20%5BClaude%20Code%5D(https%3A%2F%2Fclaude.ai%2Fcode)%5Cn%5CnCo-Authored-By%3A%20Claude%20%3Cnoreply%40anthropic.com%3E%22%7D" X-Client-IP="172.214.45.192" X-Client-Port="60417" >
  <step title="ZipPushDeploy" date="2025-08-03T23:03:40.549" >
    <step title="ZipDeploy. Extract zip. Remote build." date="2025-08-03T23:03:40.636" /><!-- duration: 39ms -->
    <step title="None repository commit" date="2025-08-03T23:03:40.688" >
      <step title="Commit id: bd40976e-5399-4155-b7f5-bdb2400bd7c7" date="2025-08-03T23:03:40.705" Message="N/A" AuthorName="N/A" AuthorEmail="N/A" /><!-- duration: 11ms -->
    </step><!-- duration: 31ms -->
    <step title="Starting PushDeployAsync" date="2025-08-03T23:03:40.766" /><!-- duration: 20ms -->
    <step title="Writing artifact to /tmp/zipdeploy/99e1fef2-dbd2-4d41-9f18-33e9dbfb0d24.zip" date="2025-08-03T23:03:40.847" >
      <step title="Writing multipart request body to /tmp/zipdeploy/99e1fef2-dbd2-4d41-9f18-33e9dbfb0d24.zip" date="2025-08-03T23:03:40.888" /><!-- duration: 49ms -->
    </step><!-- duration: 6578ms -->
    <step title="None repository commit" date="2025-08-03T23:03:47.487" >
      <step title="Commit id: bd40976e-5399-4155-b7f5-bdb2400bd7c7" date="2025-08-03T23:03:47.505" Message="N/A" AuthorName="N/A" AuthorEmail="N/A" /><!-- duration: 9ms -->
    </step><!-- duration: 36ms -->
    <step title="Start deployment in the background" date="2025-08-03T23:03:47.546" >
      <step title="None repository commit" date="2025-08-03T23:03:47.752" >
        <step title="Commit id: bd40976e-5399-4155-b7f5-bdb2400bd7c7" date="2025-08-03T23:03:47.770" Message="N/A" AuthorName="N/A" AuthorEmail="N/A" /><!-- duration: 12ms -->
      </step><!-- duration: 39ms -->
      <step title="Acquiring Deployment Lock" date="2025-08-03T23:03:47.801" /><!-- duration: 9ms -->
      <step title="Cannot Acquire Deployment Lock already held" date="2025-08-03T23:03:47.830" /><!-- duration: 10ms -->
    </step><!-- duration: 570ms -->
    <step title="There is a deployment currently in progress. Please try again when it completes." date="2025-08-03T23:03:48.157" /><!-- duration: 11ms -->
  </step><!-- duration: 7646ms -->
  <step title="Outgoing response" date="2025-08-03T23:03:48.208" type="response" statusCode="409" statusText="Conflict" /><!-- duration: 20ms -->
</step><!-- duration: 7829ms -->
