<step title="Incoming Request" date="2025-08-04T01:15:59.436" instance="a9435e" url="/api/deployments/latest?deployer=GITHUB_ZIP_DEPLOY&amp;time=2025-08-04_01-11-57Z" method="GET" type="request" pid="774,1,22" Host="acidtech-prod-app.scm.azurewebsites.net" User-Agent="GITHUBACTIONS_DeployWebAppToAzure_e958af9366e8395e6b2bb4507020a2fe0ec2784e8d610cec1db108700a017e44" Authorization="Bas..." Content-Type="application/json; charset=utf-8" Cookie="ARRAffinity=a9435e7d7a3e9b539a5af095a111213d4b0d6072fcd2fbc4d33c4b2c5ff53cab;Path=/;HttpOnly;Secure;Domain=acidtech-prod-app.scm.azurewebsites.net; ARRAffinitySameSite=a9435e7d7a3e9b539a5af095a111213d4b0d6072fcd2fbc4d33c4b2c5ff53cab;Path=/;HttpOnly;SameSite=None;Secure;Domain=acidtech-prod-app.scm.azurewebsites.net" Content-Length="0" X-ARR-LOG-ID="c7093bcb-d567-489c-bb5e-5e33db9c4eee" CLIENT-IP="64.236.177.3:40960" X-SITE-DEPLOYMENT-ID="acidtech-prod-app" WAS-DEFAULT-HOSTNAME="acidtech-prod-app.scm.azurewebsites.net" X-Forwarded-Proto="https" X-AppService-Proto="https" X-Forwarded-TlsVersion="1.3" X-WAWS-Unencoded-URL="/api/deployments/latest?deployer=GITHUB_ZIP_DEPLOY&amp;time=2025-08-04_01-11-57Z" X-Client-IP="64.236.177.3" X-Client-Port="40960" >
  <step title="Cleanup Xml Logs" date="2025-08-04T01:15:59.585" >
    <step title="Cleanup Infos" date="2025-08-04T01:15:59.852" totalFiles="461" totalCleanup="301" /><!-- duration: 26ms -->
  </step><!-- duration: 313ms -->
  <step title="DeploymentService.GetResult" date="2025-08-04T01:16:00.065" >
    <step title="DeploymentService.GetLatestDeployment" date="2025-08-04T01:16:00.085" >
      <step title="DeploymentManager.GetResults" date="2025-08-04T01:16:00.104" /><!-- duration: 674ms -->
    </step><!-- duration: 793ms -->
  </step><!-- duration: 844ms -->
  <step title="Outgoing response" date="2025-08-04T01:16:00.931" type="response" statusCode="202" statusText="Accepted" /><!-- duration: 30ms -->
</step><!-- duration: 1556ms -->
