<step title="Incoming Request" date="2025-08-04T00:28:28.687" instance="a9435e" url="/api/deployments/latest?deployer=GITHUB_ZIP_DEPLOY&amp;time=2025-08-04_00-26-30Z" method="GET" type="request" pid="774,1,15" Host="acidtech-prod-app.scm.azurewebsites.net" User-Agent="GITHUBACTIONS_DeployWebAppToAzure_e958af9366e8395e6b2bb4507020a2fe0ec2784e8d610cec1db108700a017e44" Authorization="Bas..." Content-Type="application/json; charset=utf-8" Cookie="ARRAffinity=a9435e7d7a3e9b539a5af095a111213d4b0d6072fcd2fbc4d33c4b2c5ff53cab;Path=/;HttpOnly;Secure;Domain=acidtech-prod-app.scm.azurewebsites.net; ARRAffinitySameSite=a9435e7d7a3e9b539a5af095a111213d4b0d6072fcd2fbc4d33c4b2c5ff53cab;Path=/;HttpOnly;SameSite=None;Secure;Domain=acidtech-prod-app.scm.azurewebsites.net" Content-Length="0" X-ARR-LOG-ID="a5babbd2-930f-4ba0-85d3-5e93a6f2531e" CLIENT-IP="64.236.153.83:51200" X-SITE-DEPLOYMENT-ID="acidtech-prod-app" WAS-DEFAULT-HOSTNAME="acidtech-prod-app.scm.azurewebsites.net" X-Forwarded-Proto="https" X-AppService-Proto="https" X-Forwarded-TlsVersion="1.3" X-WAWS-Unencoded-URL="/api/deployments/latest?deployer=GITHUB_ZIP_DEPLOY&amp;time=2025-08-04_00-26-30Z" X-Client-IP="64.236.153.83" X-Client-Port="51200" >
  <step title="Cleanup Xml Logs" date="2025-08-04T00:28:28.796" >
    <step title="Cleanup Infos" date="2025-08-04T00:28:28.986" totalFiles="325" totalCleanup="165" /><!-- duration: 28ms -->
  </step><!-- duration: 258ms -->
  <step title="DeploymentService.GetResult" date="2025-08-04T00:28:29.312" >
    <step title="DeploymentService.GetLatestDeployment" date="2025-08-04T00:28:29.462" >
      <step title="DeploymentManager.GetResults" date="2025-08-04T00:28:29.998" /><!-- duration: 1647ms -->
    </step><!-- duration: 2315ms -->
  </step><!-- duration: 2685ms -->
  <step title="Outgoing response" date="2025-08-04T00:28:32.124" type="response" statusCode="202" statusText="Accepted" /><!-- duration: 101ms -->
</step><!-- duration: 3571ms -->
