<step title="Incoming Request" date="2025-08-04T01:19:08.838" instance="a9435e" url="/api/deployments/latest?deployer=GITHUB_ZIP_DEPLOY&amp;time=2025-08-04_01-11-57Z" method="GET" type="request" pid="774,1,5" Host="acidtech-prod-app.scm.azurewebsites.net" User-Agent="GITHUBACTIONS_DeployWebAppToAzure_e958af9366e8395e6b2bb4507020a2fe0ec2784e8d610cec1db108700a017e44" Authorization="Bas..." Content-Type="application/json; charset=utf-8" Cookie="ARRAffinity=a9435e7d7a3e9b539a5af095a111213d4b0d6072fcd2fbc4d33c4b2c5ff53cab;Path=/;HttpOnly;Secure;Domain=acidtech-prod-app.scm.azurewebsites.net; ARRAffinitySameSite=a9435e7d7a3e9b539a5af095a111213d4b0d6072fcd2fbc4d33c4b2c5ff53cab;Path=/;HttpOnly;SameSite=None;Secure;Domain=acidtech-prod-app.scm.azurewebsites.net" Content-Length="0" X-ARR-LOG-ID="ff79f98f-c5b3-4ad2-9b9d-0e671d6f0d2f" CLIENT-IP="64.236.177.3:40962" X-SITE-DEPLOYMENT-ID="acidtech-prod-app" WAS-DEFAULT-HOSTNAME="acidtech-prod-app.scm.azurewebsites.net" X-Forwarded-Proto="https" X-AppService-Proto="https" X-Forwarded-TlsVersion="1.3" X-WAWS-Unencoded-URL="/api/deployments/latest?deployer=GITHUB_ZIP_DEPLOY&amp;time=2025-08-04_01-11-57Z" X-Client-IP="64.236.177.3" X-Client-Port="40962" >
  <step title="Cleanup Xml Logs" date="2025-08-04T01:19:08.876" >
    <step title="Cleanup Infos" date="2025-08-04T01:19:09.091" totalFiles="478" totalCleanup="318" /><!-- duration: 30ms -->
  </step><!-- duration: 264ms -->
  <step title="DeploymentService.GetResult" date="2025-08-04T01:19:09.216" >
    <step title="DeploymentService.GetLatestDeployment" date="2025-08-04T01:19:09.236" >
      <step title="DeploymentManager.GetResults" date="2025-08-04T01:19:09.277" /><!-- duration: 959ms -->
    </step><!-- duration: 1187ms -->
  </step><!-- duration: 1358ms -->
  <step title="Outgoing response" date="2025-08-04T01:19:10.684" type="response" statusCode="202" statusText="Accepted" /><!-- duration: 139ms -->
</step><!-- duration: 2134ms -->
