<step title="Incoming Request" date="2025-08-04T00:20:46.718" instance="a9435e" url="/api/zipdeploy?isAsync=true&amp;deployer=GITHUB_ZIP_DEPLOY&amp;message=%7B%22type%22%3A%22deployment%22%2C%22sha%22%3A%22983619b43d576e2f7b965c0ef58af46b3c677b64%22%2C%22repoName%22%3A%22Jaimikoko%2FAcitechAppServ%22%2C%22actor%22%3A%22Jaimikoko%22%2C%22slotName%22%3A%22production%22%2C%22commitMessage%22%3A%22clean%3A%20Remove%20zip%20file%20and%20prepare%20for%20GitHub%20Actions%20deployment%22%7D" method="POST" type="request" pid="772,1,18" Host="acidtech-prod-app.scm.azurewebsites.net" User-Agent="GITHUBACTIONS_DeployWebAppToAzure_e958af9366e8395e6b2bb4507020a2fe0ec2784e8d610cec1db108700a017e44" Authorization="Bas..." Content-Type="application/octet-stream" Cookie="ARRAffinity=a9435e7d7a3e9b539a5af095a111213d4b0d6072fcd2fbc4d33c4b2c5ff53cab;Path=/;HttpOnly;Secure;Domain=acidtech-prod-app.scm.azurewebsites.net; ARRAffinitySameSite=a9435e7d7a3e9b539a5af095a111213d4b0d6072fcd2fbc4d33c4b2c5ff53cab;Path=/;HttpOnly;SameSite=None;Secure;Domain=acidtech-prod-app.scm.azurewebsites.net" Transfer-Encoding="chunked" X-ARR-LOG-ID="a698bf5e-4f2f-4f74-876d-f9709466fd23" CLIENT-IP="52.173.163.36:9248" X-SITE-DEPLOYMENT-ID="acidtech-prod-app" WAS-DEFAULT-HOSTNAME="acidtech-prod-app.scm.azurewebsites.net" X-Forwarded-Proto="https" X-AppService-Proto="https" X-Forwarded-TlsVersion="1.3" X-WAWS-Unencoded-URL="/api/zipdeploy?isAsync=true&amp;deployer=GITHUB_ZIP_DEPLOY&amp;message=%7B%22type%22%3A%22deployment%22%2C%22sha%22%3A%22983619b43d576e2f7b965c0ef58af46b3c677b64%22%2C%22repoName%22%3A%22Jaimikoko%2FAcitechAppServ%22%2C%22actor%22%3A%22Jaimikoko%22%2C%22slotName%22%3A%22production%22%2C%22commitMessage%22%3A%22clean%3A%20Remove%20zip%20file%20and%20prepare%20for%20GitHub%20Actions%20deployment%22%7D" X-Client-IP="52.173.163.36" X-Client-Port="9248" >
  <step title="Cleanup Xml Logs" date="2025-08-04T00:20:46.739" >
    <step title="Cleanup Infos" date="2025-08-04T00:20:46.818" totalFiles="290" totalCleanup="130" /><!-- duration: 19ms -->
  </step><!-- duration: 117ms -->
  <step title="ZipPushDeploy" date="2025-08-04T00:20:48.396" >
    <step title="ZipDeploy. Extract zip." date="2025-08-04T00:20:48.430" /><!-- duration: 18ms -->
    <step title="None repository commit" date="2025-08-04T00:20:48.567" >
      <step title="Commit id: 93912a41-b4b6-4aaf-a98c-93a1a383d746" date="2025-08-04T00:20:48.597" Message="N/A" AuthorName="N/A" AuthorEmail="N/A" /><!-- duration: 10ms -->
    </step><!-- duration: 60ms -->
    <step title="Starting PushDeployAsync" date="2025-08-04T00:20:48.649" /><!-- duration: 41ms -->
    <step title="Writing artifact to /tmp/zipdeploy/5c899d69-aab7-4a35-9080-dff890ca8be7.zip" date="2025-08-04T00:20:48.936" >
      <step title="Writing multipart request body to /tmp/zipdeploy/5c899d69-aab7-4a35-9080-dff890ca8be7.zip" date="2025-08-04T00:20:49.083" /><!-- duration: 39ms -->
    </step><!-- duration: 4328ms -->
    <step title="Start deployment in the background" date="2025-08-04T00:20:53.384" >
      <step title="Acquiring Deployment Lock" date="2025-08-04T00:20:53.682" /><!-- duration: 11ms -->
      <step title="Acquired Deployment Lock" date="2025-08-04T00:20:54.302" /><!-- duration: 30ms -->
    </step><!-- duration: 1372ms -->
  </step><!-- duration: 6491ms -->
  <step title="Outgoing response" date="2025-08-04T00:20:55.052" type="response" statusCode="202" statusText="Accepted" /><!-- duration: 4ms -->
</step><!-- duration: 8452ms -->
