<step title="Incoming Request" date="2025-08-03T22:59:20.163" instance="a9435e" url="/deploy?scmType=ExternalGit&amp;isAsync=true" method="POST" type="request" pid="772,1,7" Host="acidtech-prod-app.scm.azurewebsites.net" User-Agent="Azure-WebSites-Controller/104.0.7.211" Authorization="Bas..." Expect="100-continue" Content-Length="83" x-ms-request-id="aa779ac7-8d08-4f9b-8eea-bb12f6fa935f" X-ARR-LOG-ID="aa779ac7-8d08-4f9b-8eea-bb12f6fa935f" CLIENT-IP="13.89.172.8:31682" X-SITE-DEPLOYMENT-ID="acidtech-prod-app" WAS-DEFAULT-HOSTNAME="acidtech-prod-app.scm.azurewebsites.net" X-MS-PLATFORM-INTERNAL="True" X-Forwarded-Proto="https" X-AppService-Proto="https" X-Forwarded-TlsVersion="1.3" X-WAWS-Unencoded-URL="/deploy?scmType=ExternalGit&amp;isAsync=true" X-Client-IP="13.89.172.8" X-Client-Port="31682" >
  <step title="FetchHandler" date="2025-08-03T22:59:20.251" >
    <step title="GitExeRepository.Initialize" date="2025-08-03T22:59:20.558" >
      <step title="Executing external process" date="2025-08-03T22:59:20.588" type="process" path="git" arguments="init" /><!-- duration: 1404ms -->
      <step title="Executing external process" date="2025-08-03T22:59:22.039" type="process" path="git" arguments="config core.autocrlf false" /><!-- duration: 171ms -->
      <step title="Executing external process" date="2025-08-03T22:59:22.246" type="process" path="git" arguments="config core.preloadindex true" /><!-- duration: 374ms -->
      <step title="Executing external process" date="2025-08-03T22:59:22.720" type="process" path="git" arguments="config user.name &quot;unknown&quot;" /><!-- duration: 216ms -->
      <step title="Executing external process" date="2025-08-03T22:59:22.957" type="process" path="git" arguments="config user.email &quot;unknown&quot;" /><!-- duration: 496ms -->
      <step title="Executing external process" date="2025-08-03T22:59:23.619" type="process" path="git" arguments="config filter.lfs.clean &quot;git-lfs clean %f&quot;" /><!-- duration: 210ms -->
      <step title="Executing external process" date="2025-08-03T22:59:23.869" type="process" path="git" arguments="config filter.lfs.smudge &quot;git-lfs smudge %f&quot;" /><!-- duration: 388ms -->
      <step title="Executing external process" date="2025-08-03T22:59:24.324" type="process" path="git" arguments="config filter.lfs.required true" /><!-- duration: 431ms -->
      <step title="Configure git server" date="2025-08-03T22:59:24.873" >
        <step title="Executing external process" date="2025-08-03T22:59:24.892" type="process" path="git" arguments="config receive.denyCurrentBranch ignore" /><!-- duration: 293ms -->
      </step><!-- duration: 350ms -->
      <step title="Create deny users for .git folder" date="2025-08-03T22:59:25.251" /><!-- duration: 71ms -->
      <step title="Configure git-credential" date="2025-08-03T22:59:25.382" >
        <step title="Executing external process" date="2025-08-03T22:59:25.422" type="process" path="git" arguments="config credential.helper &quot;!&apos;/home/site/repository/.git/hooks/git-credential-invalid.sh&apos;&quot;" /><!-- duration: 185ms -->
      </step><!-- duration: 236ms -->
      <step title="Setup post receive hook" date="2025-08-03T22:59:25.659" >
        <step title="Non-Windows enviroment, granting 755 permission to post-receive hook file" date="2025-08-03T22:59:25.709" /><!-- duration: 246ms -->
      </step><!-- duration: 316ms -->
    </step><!-- duration: 5426ms -->
    <step title="Executing external process" date="2025-08-03T22:59:25.995" type="process" path="git" arguments="log -n 1 main --" >
      <step title="Process dump" date="2025-08-03T22:59:26.144" exitCode="128" type="processOutput" /><!-- duration: 21ms -->
    </step><!-- duration: 178ms -->
    <step title="Start deployment in the background" date="2025-08-03T22:59:26.204" >
      <step title="Executing external process" date="2025-08-03T22:59:26.332" type="process" path="git" arguments="rev-parse --git-dir" /><!-- duration: 81ms -->
      <step title="Executing external process" date="2025-08-03T22:59:26.432" type="process" path="git" arguments="rev-parse --git-dir" /><!-- duration: 298ms -->
      <step title="Executing external process" date="2025-08-03T22:59:26.750" type="process" path="git" arguments="log -n 1 main --" >
        <step title="Process dump" date="2025-08-03T22:59:26.810" exitCode="128" type="processOutput" /><!-- duration: 10ms -->
      </step><!-- duration: 78ms -->
      <step title="Acquiring Deployment Lock" date="2025-08-03T22:59:26.831" /><!-- duration: 10ms -->
      <step title="Acquired Deployment Lock" date="2025-08-03T22:59:26.938" /><!-- duration: 3ms -->
    </step><!-- duration: 875ms -->
  </step><!-- duration: 6838ms -->
  <step title="Outgoing response" date="2025-08-03T22:59:27.100" type="response" statusCode="202" statusText="Accepted" /><!-- duration: 10ms -->
</step><!-- duration: 6953ms -->
