<step title="Incoming Request" date="2025-08-04T00:29:57.067" instance="a9435e" url="/api/deployments/latest?deployer=GITHUB_ZIP_DEPLOY&amp;time=2025-08-04_00-26-30Z" method="GET" type="request" pid="774,1,19" Host="acidtech-prod-app.scm.azurewebsites.net" User-Agent="GITHUBACTIONS_DeployWebAppToAzure_e958af9366e8395e6b2bb4507020a2fe0ec2784e8d610cec1db108700a017e44" Authorization="Bas..." Content-Type="application/json; charset=utf-8" Cookie="ARRAffinity=a9435e7d7a3e9b539a5af095a111213d4b0d6072fcd2fbc4d33c4b2c5ff53cab;Path=/;HttpOnly;Secure;Domain=acidtech-prod-app.scm.azurewebsites.net; ARRAffinitySameSite=a9435e7d7a3e9b539a5af095a111213d4b0d6072fcd2fbc4d33c4b2c5ff53cab;Path=/;HttpOnly;SameSite=None;Secure;Domain=acidtech-prod-app.scm.azurewebsites.net" Content-Length="0" X-ARR-LOG-ID="3894f1a5-7600-4b5e-957b-f0b376d03ae3" CLIENT-IP="64.236.153.83:51202" X-SITE-DEPLOYMENT-ID="acidtech-prod-app" WAS-DEFAULT-HOSTNAME="acidtech-prod-app.scm.azurewebsites.net" X-Forwarded-Proto="https" X-AppService-Proto="https" X-Forwarded-TlsVersion="1.3" X-WAWS-Unencoded-URL="/api/deployments/latest?deployer=GITHUB_ZIP_DEPLOY&amp;time=2025-08-04_00-26-30Z" X-Client-IP="64.236.153.83" X-Client-Port="51202" >
  <step title="Cleanup Xml Logs" date="2025-08-04T00:29:57.114" >
    <step title="Cleanup Infos" date="2025-08-04T00:29:57.200" totalFiles="336" totalCleanup="176" /><!-- duration: 28ms -->
  </step><!-- duration: 134ms -->
  <step title="DeploymentService.GetResult" date="2025-08-04T00:29:57.310" >
    <step title="DeploymentService.GetLatestDeployment" date="2025-08-04T00:29:57.321" >
      <step title="DeploymentManager.GetResults" date="2025-08-04T00:29:57.332" /><!-- duration: 530ms -->
    </step><!-- duration: 641ms -->
  </step><!-- duration: 671ms -->
  <step title="Outgoing response" date="2025-08-04T00:29:58.003" type="response" statusCode="202" statusText="Accepted" /><!-- duration: 62ms -->
</step><!-- duration: 1012ms -->
