<step title="Incoming Request" date="2025-08-04T00:21:42.289" instance="a9435e" url="/api/deployments/latest?deployer=GITHUB_ZIP_DEPLOY&amp;time=2025-08-04_00-20-54Z" method="GET" type="request" pid="772,1,17" Host="acidtech-prod-app.scm.azurewebsites.net" User-Agent="GITHUBACTIONS_DeployWebAppToAzure_e958af9366e8395e6b2bb4507020a2fe0ec2784e8d610cec1db108700a017e44" Authorization="Bas..." Content-Type="application/json; charset=utf-8" Cookie="ARRAffinity=a9435e7d7a3e9b539a5af095a111213d4b0d6072fcd2fbc4d33c4b2c5ff53cab;Path=/;HttpOnly;Secure;Domain=acidtech-prod-app.scm.azurewebsites.net; ARRAffinitySameSite=a9435e7d7a3e9b539a5af095a111213d4b0d6072fcd2fbc4d33c4b2c5ff53cab;Path=/;HttpOnly;SameSite=None;Secure;Domain=acidtech-prod-app.scm.azurewebsites.net" Content-Length="0" X-ARR-LOG-ID="89ac91b7-6d54-48d9-8f2a-e075e1c7706b" CLIENT-IP="52.173.163.36:9249" X-SITE-DEPLOYMENT-ID="acidtech-prod-app" WAS-DEFAULT-HOSTNAME="acidtech-prod-app.scm.azurewebsites.net" X-Forwarded-Proto="https" X-AppService-Proto="https" X-Forwarded-TlsVersion="1.3" X-WAWS-Unencoded-URL="/api/deployments/latest?deployer=GITHUB_ZIP_DEPLOY&amp;time=2025-08-04_00-20-54Z" X-Client-IP="52.173.163.36" X-Client-Port="9249" >
  <step title="Cleanup Xml Logs" date="2025-08-04T00:21:42.397" >
    <step title="Cleanup Infos" date="2025-08-04T00:21:42.534" totalFiles="299" totalCleanup="139" /><!-- duration: 80ms -->
  </step><!-- duration: 317ms -->
  <step title="DeploymentService.GetResult" date="2025-08-04T00:21:43.025" >
    <step title="DeploymentService.GetLatestDeployment" date="2025-08-04T00:21:43.065" >
      <step title="DeploymentManager.GetResults" date="2025-08-04T00:21:43.230" /><!-- duration: 1058ms -->
    </step><!-- duration: 1235ms -->
  </step><!-- duration: 1283ms -->
  <step title="Outgoing response" date="2025-08-04T00:21:44.379" type="response" statusCode="202" statusText="Accepted" /><!-- duration: 13ms -->
</step><!-- duration: 2141ms -->
