<step title="BackgroundTrace" date="2025-08-03T22:48:14.252" instance="a9435e" url="/api/zipdeploy" method="POST" >
  <step title="Cleanup Xml Logs" date="2025-08-03T22:48:14.273" /><!-- duration: 39ms -->
  <step title="Creating temporary deployment - FetchDeploymentManager" date="2025-08-03T22:48:14.586" /><!-- duration: 4ms -->
  <step title="Creating temporary deployment" date="2025-08-03T22:48:14.603" /><!-- duration: 115ms -->
  <step title="Performing fetch based deployment" date="2025-08-03T22:48:14.825" >
    <step title="Cleaning up temp folders from previous zip deployments and extracting pushed zip file /tmp/zipdeploy/bbe75e9d-a831-42f6-a293-f177a5b5d6ad.zip (20.72 MB) to /tmp/zipdeploy/extracted" date="2025-08-03T22:48:16.155" >
      <step title="ChmodRecursive Process exited with total time taken in ms: 688" date="2025-08-03T22:48:25.258" /><!-- duration: 16ms -->
    </step><!-- duration: 9128ms -->
    <step title="Deployment timer started" date="2025-08-03T22:48:27.337" >
      <step title="DeploymentManager.Deploy(id:a17c8fd1-613e-4bcb-b59a-01f615ec43de)" date="2025-08-03T22:48:27.358" >
        <step title="Collecting changeset information" date="2025-08-03T22:48:27.401" /><!-- duration: 110ms -->
        <step title="Updating submodules" date="2025-08-03T22:48:27.518" /><!-- duration: 1152ms -->
        <step title="Determining deployment builder" date="2025-08-03T22:48:28.970" >
          <step title="Builder is OryxBuilder" date="2025-08-03T22:48:29.018" /><!-- duration: 5ms -->
        </step><!-- duration: 60ms -->
        <step title="PreDeployment: context.CleanOutputPath False" date="2025-08-03T22:48:29.076" >
          <step title="PreDeployment: context.OutputPath /home/site/wwwroot" date="2025-08-03T22:48:29.202" >
            <step title="Building" date="2025-08-03T22:48:29.336" >
              <step title="Executing external process" date="2025-08-03T22:48:29.698" type="process" path="bash" arguments="-c &quot;oryx build /tmp/zipdeploy/extracted -o /home/site/wwwroot --platform python --platform-version 3.11 -p virtualenv_name=antenv --log-file /tmp/build-debug.log  -i /tmp/8ddd2dfdd64d8a7 --compress-destination-dir | tee /tmp/oryx-build.log ; exit $PIPESTATUS &quot;" >
                <step title="Error occurred" date="2025-08-03T22:51:30.636" type="error" text="GetParentProcessLinux (1660) failed.: Could not find a part of the path &apos;/proc/1660/stat&apos;." stackTrace="   at Interop.ThrowExceptionForIoErrno(ErrorInfo errorInfo, String path, Boolean isDirError)
   at Microsoft.Win32.SafeHandles.SafeFileHandle.Open(String fullPath, FileMode mode, FileAccess access, FileShare share, FileOptions options, Int64 preallocationSize, UnixFileMode openPermissions, Int64&amp; fileLength, UnixFileMode&amp; filePermissions, Boolean failForSymlink, Boolean&amp; wasSymlink, Func`4 createOpenException)
   at System.IO.Strategies.OSFileStreamStrategy..ctor(String path, FileMode mode, FileAccess access, FileShare share, FileOptions options, Int64 preallocationSize, Nullable`1 unixCreateMode)
   at System.IO.StreamReader.ValidateArgsAndOpenPath(String path, Encoding encoding, Int32 bufferSize)
   at System.IO.File.ReadLines(String path)
   at Kudu.Core.Infrastructure.ProcessExtensions.GetParentProcessLinux(Process process, ITracer tracer) in /tmp/KuduLite/Kudu.Core/Infrastructure/ProcessExtensions.cs:line 155" /><!-- duration: 57ms -->
                <step title="Cpu: python(1637,13.050s)+ts(1638,0.230s)+build.sh(1636,0.000s)+build.sh(1635,0.010s)+build.sh(1503,0.140s)+oryx(1484,8.290s)+tee(1485,0.000s)+bash(1483,0.000s)=total(21.690s)" date="2025-08-03T22:51:31.928" /><!-- duration: 186ms -->
                <step title="bash: no io activity for 60s, prev-cpu=-1.000s, current-cpu=21.690s" date="2025-08-03T22:51:32.333" /><!-- duration: 217ms -->
                <step title="Cpu: python(1637,17.930s)+ts(1638,0.270s)+build.sh(1636,0.000s)+build.sh(1635,0.010s)+build.sh(1503,0.140s)+oryx(1484,9.030s)+tee(1485,0.000s)+bash(1483,0.000s)=total(27.370s)" date="2025-08-03T22:52:33.289" /><!-- duration: 78ms -->
                <step title="bash: no io activity for 125s, prev-cpu=21.690s, current-cpu=27.370s" date="2025-08-03T22:52:33.446" /><!-- duration: 20ms -->
                <step title="Cpu: python(1637,25.280s)+ts(1638,0.270s)+build.sh(1636,0.000s)+build.sh(1635,0.010s)+build.sh(1503,0.140s)+oryx(1484,9.890s)+tee(1485,0.000s)+bash(1483,0.000s)=total(35.570s)" date="2025-08-03T22:53:34.475" /><!-- duration: 38ms -->
                <step title="bash: no io activity for 186s, prev-cpu=27.370s, current-cpu=35.570s" date="2025-08-03T22:53:34.651" /><!-- duration: 3ms -->
              </step><!-- duration: 412490ms -->
              <step title="Using PythonDeploymentLogParser" date="2025-08-03T22:55:22.743" /><!-- duration: 8ms -->
              <step title="Triggering recycle (preview mode disabled)." date="2025-08-03T22:55:24.011" /><!-- duration: 12ms -->
              <step title="Modified file to trigger a restart of the app container." date="2025-08-03T22:55:24.101" /><!-- duration: 8ms -->
              <step title="Skip function trigger and logicapp sync because function is not enabled." date="2025-08-03T22:55:24.131" /><!-- duration: 8ms -->
              <step title="Purge deployment items" date="2025-08-03T22:55:24.850" >
                <step title="Remove temp-ff4d, Failed, received at 08/03/2025 21:51:08" date="2025-08-03T22:55:24.918" /><!-- duration: 4ms -->
                <step title="Remove 328b8f44-, Failed, received at 08/03/2025 21:48:26" date="2025-08-03T22:55:25.009" /><!-- duration: 3ms -->
              </step><!-- duration: 166ms -->
            </step><!-- duration: 415846ms -->
          </step><!-- duration: 415993ms -->
          <step title="Cleaning up temp files" date="2025-08-03T22:55:25.197" /><!-- duration: 2565ms -->
          <step title="Cleaning up temp files" date="2025-08-03T22:55:27.773" /><!-- duration: 551ms -->
          <step title="Reloading status file with latest updates" date="2025-08-03T22:55:28.348" >
            <step title="WebHooksManager.PublishEventAsync: PostDeployment" date="2025-08-03T22:55:28.364" /><!-- duration: 126ms -->
          </step><!-- duration: 145ms -->
          <step title="Cleaning up temporary deployment - fetch deployment was successful" date="2025-08-03T22:55:28.503" /><!-- duration: 2ms -->
        </step><!-- duration: 419483ms -->
      </step><!-- duration: 421217ms -->
