<step title="Incoming Request" date="2025-08-04T00:29:22.683" instance="a9435e" url="/api/deployments/latest?deployer=GITHUB_ZIP_DEPLOY&amp;time=2025-08-04_00-26-30Z" method="GET" type="request" pid="774,1,15" Host="acidtech-prod-app.scm.azurewebsites.net" User-Agent="GITHUBACTIONS_DeployWebAppToAzure_e958af9366e8395e6b2bb4507020a2fe0ec2784e8d610cec1db108700a017e44" Authorization="Bas..." Content-Type="application/json; charset=utf-8" Cookie="ARRAffinity=a9435e7d7a3e9b539a5af095a111213d4b0d6072fcd2fbc4d33c4b2c5ff53cab;Path=/;HttpOnly;Secure;Domain=acidtech-prod-app.scm.azurewebsites.net; ARRAffinitySameSite=a9435e7d7a3e9b539a5af095a111213d4b0d6072fcd2fbc4d33c4b2c5ff53cab;Path=/;HttpOnly;SameSite=None;Secure;Domain=acidtech-prod-app.scm.azurewebsites.net" Content-Length="0" X-ARR-LOG-ID="91895a6f-7ee8-4ece-b973-a9f677a216df" CLIENT-IP="64.236.153.83:51200" X-SITE-DEPLOYMENT-ID="acidtech-prod-app" WAS-DEFAULT-HOSTNAME="acidtech-prod-app.scm.azurewebsites.net" X-Forwarded-Proto="https" X-AppService-Proto="https" X-Forwarded-TlsVersion="1.3" X-WAWS-Unencoded-URL="/api/deployments/latest?deployer=GITHUB_ZIP_DEPLOY&amp;time=2025-08-04_00-26-30Z" X-Client-IP="64.236.153.83" X-Client-Port="51200" >
  <step title="Cleanup Xml Logs" date="2025-08-04T00:29:22.782" >
    <step title="Cleanup Infos" date="2025-08-04T00:29:22.958" totalFiles="331" totalCleanup="171" /><!-- duration: 29ms -->
  </step><!-- duration: 217ms -->
  <step title="DeploymentService.GetResult" date="2025-08-04T00:29:23.134" >
    <step title="DeploymentService.GetLatestDeployment" date="2025-08-04T00:29:23.171" >
      <step title="DeploymentManager.GetResults" date="2025-08-04T00:29:23.318" /><!-- duration: 755ms -->
    </step><!-- duration: 949ms -->
  </step><!-- duration: 1006ms -->
  <step title="Outgoing response" date="2025-08-04T00:29:24.158" type="response" statusCode="202" statusText="Accepted" /><!-- duration: 22ms -->
</step><!-- duration: 1544ms -->
