<step title="Incoming Request" date="2025-08-04T00:47:46.672" instance="a9435e" url="/api/deployments/latest?deployer=GITHUB_ZIP_DEPLOY&amp;time=2025-08-04_00-41-48Z" method="GET" type="request" pid="774,1,15" Host="acidtech-prod-app.scm.azurewebsites.net" User-Agent="GITHUBACTIONS_DeployWebAppToAzure_e958af9366e8395e6b2bb4507020a2fe0ec2784e8d610cec1db108700a017e44" Authorization="Bas..." Content-Type="application/json; charset=utf-8" Cookie="ARRAffinity=a9435e7d7a3e9b539a5af095a111213d4b0d6072fcd2fbc4d33c4b2c5ff53cab;Path=/;HttpOnly;Secure;Domain=acidtech-prod-app.scm.azurewebsites.net; ARRAffinitySameSite=a9435e7d7a3e9b539a5af095a111213d4b0d6072fcd2fbc4d33c4b2c5ff53cab;Path=/;HttpOnly;SameSite=None;Secure;Domain=acidtech-prod-app.scm.azurewebsites.net" Content-Length="0" X-ARR-LOG-ID="d9973f3b-7aaa-4666-9cc9-c437f9710101" CLIENT-IP="52.159.228.211:22530" X-SITE-DEPLOYMENT-ID="acidtech-prod-app" WAS-DEFAULT-HOSTNAME="acidtech-prod-app.scm.azurewebsites.net" X-Forwarded-Proto="https" X-AppService-Proto="https" X-Forwarded-TlsVersion="1.3" X-WAWS-Unencoded-URL="/api/deployments/latest?deployer=GITHUB_ZIP_DEPLOY&amp;time=2025-08-04_00-41-48Z" X-Client-IP="52.159.228.211" X-Client-Port="22530" >
  <step title="Cleanup Xml Logs" date="2025-08-04T00:47:46.734" >
    <step title="Cleanup Infos" date="2025-08-04T00:47:46.939" totalFiles="397" totalCleanup="237" /><!-- duration: 11ms -->
  </step><!-- duration: 227ms -->
  <step title="DeploymentService.GetResult" date="2025-08-04T00:47:47.008" >
    <step title="DeploymentService.GetLatestDeployment" date="2025-08-04T00:47:47.018" >
      <step title="DeploymentManager.GetResults" date="2025-08-04T00:47:47.030" /><!-- duration: 1128ms -->
    </step><!-- duration: 1343ms -->
  </step><!-- duration: 1387ms -->
  <step title="Outgoing response" date="2025-08-04T00:47:48.494" type="response" statusCode="202" statusText="Accepted" /><!-- duration: 38ms -->
</step><!-- duration: 1871ms -->
