<step title="Incoming Request" date="2025-08-04T01:13:03.935" instance="a9435e" url="/api/deployments/latest?deployer=GITHUB_ZIP_DEPLOY&amp;time=2025-08-04_01-11-57Z" method="GET" type="request" pid="774,1,24" Host="acidtech-prod-app.scm.azurewebsites.net" User-Agent="GITHUBACTIONS_DeployWebAppToAzure_e958af9366e8395e6b2bb4507020a2fe0ec2784e8d610cec1db108700a017e44" Authorization="Bas..." Content-Type="application/json; charset=utf-8" Cookie="ARRAffinity=a9435e7d7a3e9b539a5af095a111213d4b0d6072fcd2fbc4d33c4b2c5ff53cab;Path=/;HttpOnly;Secure;Domain=acidtech-prod-app.scm.azurewebsites.net; ARRAffinitySameSite=a9435e7d7a3e9b539a5af095a111213d4b0d6072fcd2fbc4d33c4b2c5ff53cab;Path=/;HttpOnly;SameSite=None;Secure;Domain=acidtech-prod-app.scm.azurewebsites.net" Content-Length="0" X-ARR-LOG-ID="968cf9a3-7050-4d08-8c6f-dd71a0676990" CLIENT-IP="64.236.177.3:40962" X-SITE-DEPLOYMENT-ID="acidtech-prod-app" WAS-DEFAULT-HOSTNAME="acidtech-prod-app.scm.azurewebsites.net" X-Forwarded-Proto="https" X-AppService-Proto="https" X-Forwarded-TlsVersion="1.3" X-WAWS-Unencoded-URL="/api/deployments/latest?deployer=GITHUB_ZIP_DEPLOY&amp;time=2025-08-04_01-11-57Z" X-Client-IP="64.236.177.3" X-Client-Port="40962" >
  <step title="Cleanup Xml Logs" date="2025-08-04T01:13:03.945" >
    <step title="Cleanup Infos" date="2025-08-04T01:13:04.056" totalFiles="438" totalCleanup="278" /><!-- duration: 108ms -->
  </step><!-- duration: 256ms -->
  <step title="DeploymentService.GetResult" date="2025-08-04T01:13:04.259" >
    <step title="DeploymentService.GetLatestDeployment" date="2025-08-04T01:13:04.269" >
      <step title="DeploymentManager.GetResults" date="2025-08-04T01:13:04.342" /><!-- duration: 830ms -->
    </step><!-- duration: 991ms -->
  </step><!-- duration: 1011ms -->
  <step title="Outgoing response" date="2025-08-04T01:13:05.291" type="response" statusCode="202" statusText="Accepted" /><!-- duration: 8ms -->
</step><!-- duration: 1416ms -->
