﻿<?xml version="1.0" encoding="utf-8"?>
<deployment>
  <id>7ace8934e4cca97334b02fdec0186ca0792d3a3a</id>
  <author>AciTech Admin</author>
  <deployer>GitHub</deployer>
  <authorEmail>admin@acidtech.com</authorEmail>
  <message>fix: Update GitHub Actions workflow to use Azure service principal authentication
    
    🤖 Generated with [Claude Code](https://claude.ai/code)
    
    Co-Authored-By: Claude &lt;noreply@anthropic.com&gt;</message>
  <progress></progress>
  <status>Success</status>
  <statusText></statusText>
  <lastSuccessEndTime>2025-08-04T12:06:50.8314516Z</lastSuccessEndTime>
  <receivedTime>2025-08-04T12:02:39.4959541Z</receivedTime>
  <startTime>2025-08-04T12:02:41.4687137Z</startTime>
  <endTime>2025-08-04T12:06:50.8314516Z</endTime>
  <complete>True</complete>
  <is_temp>False</is_temp>
  <is_readonly>False</is_readonly>
  <buildSummary />
</deployment>