﻿<?xml version="1.0" encoding="utf-8"?>
<deployment>
  <id>77ff0707-fdf0-4ad0-8068-14a5aca02702</id>
  <author>N/A</author>
  <deployer>GITHUB_ZIP_DEPLOY</deployer>
  <authorEmail>N/A</authorEmail>
  <message>{"type":"deployment","sha":"acc9f5252ec1a520526cb840451d97b8b36d1d19","repoName":"Jaimikoko/AcitechAppServ","actor":"Jaimikoko","slotName":"production","commitMessage":"fix: Simplify requirements.txt to resolve deployment issues\n\n- Remove problematic dependencies requiring C++ compilation\n- Remove pandas, numpy, psutil, pyodbc, cryptography, azure-identity\n- Keep core Flask dependencies that install cleanly\n- Tested locally and Flask app starts successfully\n\nThis should resolve the 503 error in Azure App Service deployment.\n\n🤖 Generated with [Claude Code](https://claude.ai/code)\n\nCo-Authored-By: Claude &lt;noreply@anthropic.com&gt;"}</message>
  <progress></progress>
  <status>Success</status>
  <statusText></statusText>
  <lastSuccessEndTime>2025-08-04T04:26:36.4905846Z</lastSuccessEndTime>
  <receivedTime>2025-08-04T04:21:42.9838684Z</receivedTime>
  <startTime>2025-08-04T04:21:44.4889086Z</startTime>
  <endTime>2025-08-04T04:26:36.4905846Z</endTime>
  <complete>True</complete>
  <is_temp>False</is_temp>
  <is_readonly>True</is_readonly>
  <buildSummary />
</deployment>