﻿<?xml version="1.0" encoding="utf-8"?>
<deployment>
  <id>cf460489-6661-4c5c-8d78-1f1a08916495</id>
  <author>N/A</author>
  <deployer>GITHUB_ZIP_DEPLOY</deployer>
  <authorEmail>N/A</authorEmail>
  <message>{"type":"deployment","sha":"2d8e44d29f0f2e1905035e263633ddb52a040f04","repoName":"Jaimikoko/AcitechAppServ","actor":"Jaimikoko","slotName":"production","commitMessage":"fix: Remove pytest from workflow - use simple syntax check instead"}</message>
  <progress></progress>
  <status>Success</status>
  <statusText></statusText>
  <lastSuccessEndTime>2025-08-04T04:44:50.8737578Z</lastSuccessEndTime>
  <receivedTime>2025-08-04T04:42:52.0231257Z</receivedTime>
  <startTime>2025-08-04T04:42:53.421637Z</startTime>
  <endTime>2025-08-04T04:44:50.8737578Z</endTime>
  <complete>True</complete>
  <is_temp>False</is_temp>
  <is_readonly>True</is_readonly>
  <buildSummary />
</deployment>