﻿<?xml version="1.0" encoding="utf-8"?>
<deployment>
  <id>78d1f7b3-483b-4412-8adf-dd3198ae4c99</id>
  <author>N/A</author>
  <deployer>GITHUB_ZIP_DEPLOY</deployer>
  <authorEmail>N/A</authorEmail>
  <message>N/A</message>
  <progress></progress>
  <status>Success</status>
  <statusText></statusText>
  <lastSuccessEndTime>2025-08-04T12:18:29.5809402Z</lastSuccessEndTime>
  <receivedTime>2025-08-04T12:10:17.883691Z</receivedTime>
  <startTime>2025-08-04T12:10:19.3161419Z</startTime>
  <endTime>2025-08-04T12:18:29.5809402Z</endTime>
  <complete>True</complete>
  <is_temp>False</is_temp>
  <is_readonly>True</is_readonly>
  <buildSummary />
</deployment>