﻿<?xml version="1.0" encoding="utf-8"?>
<deployment>
  <id>0bda7cc9-c47e-4150-a756-e5bad5f3acd6</id>
  <author>N/A</author>
  <deployer>GITHUB_ZIP_DEPLOY</deployer>
  <authorEmail>N/A</authorEmail>
  <message>{"type":"deployment","sha":"527bedcc3eea73fc04bc88075ecc46912bb564f7","repoName":"Jaimikoko/AcitechAppServ","actor":"Jaimikoko","slotName":"production","commitMessage":"docs: Add session summary and Azure diagnostic logs\n\n- SESSION_SUMMARY.txt: Comprehensive summary of Flask API implementation\n- azure-logs.zip: Diagnostic logs for troubleshooting 503 error\n\n🤖 Generated with [Claude Code](https://claude.ai/code)\n\nCo-Authored-By: Claude &lt;noreply@anthropic.com&gt;"}</message>
  <progress></progress>
  <status>Success</status>
  <statusText></statusText>
  <lastSuccessEndTime>2025-08-04T03:53:06.7686359Z</lastSuccessEndTime>
  <receivedTime>2025-08-04T03:36:59.8799739Z</receivedTime>
  <startTime>2025-08-04T03:37:01.6625399Z</startTime>
  <endTime>2025-08-04T03:53:06.7686359Z</endTime>
  <complete>True</complete>
  <is_temp>False</is_temp>
  <is_readonly>True</is_readonly>
  <buildSummary />
</deployment>